\c ausome_dev;

INSERT INTO users (username, email, password_hash, profile_picture, bio, first_name, last_name) VALUES
('john_doe', 'john@example.com', 'password123', 'profile1.jpg', 'Bio for John Doe', 'John', 'Doe'),
('jane_doe', 'jane@example.com', 'password123', 'profile2.jpg', 'Bio for Jane Doe', 'Jane', 'Doe'),
('pun_isher', 'punisher@example.com', 'password123', 'profile3.jpg', 'Bio for Punisher', 'Pun', 'Isher'),
('sandy_claws', 'sandy@example.com', 'password123', 'profile4.jpg', 'Bio for Sandy Claws', 'Sandy', 'Claws'),
('hugh_jass', 'hugh@example.com', 'password123', 'profile5.jpg', 'Bio for Hugh Jass', 'Hugh', 'Jass'),
('al_bundy', 'al@example.com', 'password123', 'profile6.jpg', 'Bio for Al Bundy', 'Al', 'Bundy'),
('manny_kind', 'manny@example.com', 'password123', 'profile7.jpg', 'Bio for Manny Kind', 'Manny', 'Kind'),
('oliver_closoff', 'oliver@example.com', 'password123', 'profile8.jpg', 'Bio for Oliver Closoff', 'Oliver', 'Closoff'),
('ivana_tinkle', 'ivana@example.com', 'password123', 'profile9.jpg', 'Bio for Ivana Tinkle', 'Ivana', 'Tinkle'),
('neil_down', 'neil@example.com', 'password123', 'profile10.jpg', 'Bio for Neil Down', 'Neil', 'Down'),
('justin_case', 'justin@example.com', 'password123', 'profile11.jpg', 'Bio for Justin Case', 'Justin', 'Case'),
('sue_preme', 'sue@example.com', 'password123', 'profile12.jpg', 'Bio for Sue Preme', 'Sue', 'Preme'),
('pete_zaria', 'pete@example.com', 'password123', 'profile13.jpg', 'Bio for Pete Zaria', 'Pete', 'Zaria'),
('ray_sun', 'ray@example.com', 'password123', 'profile14.jpg', 'Bio for Ray Sun', 'Ray', 'Sun'),
('chuck_wood', 'chuck@example.com', 'password123', 'profile15.jpg', 'Bio for Chuck Wood', 'Chuck', 'Wood'),
('chris_p_bacon', 'chris@example.com', 'password123', 'profile16.jpg', 'Bio for Chris P. Bacon', 'Chris', 'Bacon'),
('barry_cade', 'barry@example.com', 'password123', 'profile17.jpg', 'Bio for Barry Cade', 'Barry', 'Cade'),
('brock_lee', 'brock@example.com', 'password123', 'profile18.jpg', 'Bio for Brock Lee', 'Brock', 'Lee'),
('april_may', 'april@example.com', 'password123', 'profile19.jpg', 'Bio for April May', 'April', 'May'),
('bill_board', 'bill@example.com', 'password123', 'profile20.jpg', 'Bio for Bill Board', 'Bill', 'Board');

INSERT INTO posts (user_id, content) VALUES
(1, 'Olive you all so much!'),
(2, 'Feeling like I really need a bath today.'),
(3, 'Cooking up some crispy bacon!'),
(4, 'Math puns make me irrational.'),
(5, 'Just flipped through another great book!'),
(6, 'Court is now in session.'),
(7, 'Embrace the change, it’s inevitable.'),
(8, 'I’ll be back, just like I said!'),
(9, 'Bouncing back from a rough day.'),
(10, 'Gone with the wind, and loving it.'),
(11, 'Sharp minds think alike.'),
(12, 'Hairy situations are my specialty.'),
(13, 'Just in case you were wondering, I’m here.'),
(14, 'Cooking up a storm in the kitchen!'),
(15, 'Falling for the puns today.'),
(16, 'Careful with that chicken, folks!'),
(17, 'Bending over backwards today!'),
(18, 'Lifting heavy things, one rep at a time.'),
(19, 'Swimming in the gene pool of life.'),
(20, 'Peace out, everyone.');

INSERT INTO likes (user_id, post_id) VALUES
(2, 1), (3, 1), (4, 2),
(5, 2), (6, 3), (7, 3),
(8, 4), (9, 4), (10, 5),
(11, 5), (12, 6), (13, 6),
(14, 7), (15, 7), (16, 8),
(17, 8), (18, 9), (19, 9),
(20, 10), (1, 10), (3, 11),
(5, 12), (7, 13), (9, 14),
(11, 15), (13, 16), (15, 17),
(17, 18), (19, 19), (2, 20),
(1, 4), (2, 5), (3, 6), (4, 7),
(5, 8), (6, 9), (7, 10), (8, 1),
(9, 2), (10, 3), (1, 6), (2, 7),
(3, 8), (4, 9), (5, 10), (6, 1),
(7, 2), (8, 3), (9, 4), (10, 5);

INSERT INTO comments (user_id, post_id, content) VALUES
(2, 1, 'Olive this post!'),
(3, 1, 'So much love here!'),
(4, 2, 'You really do, don’t you?'),
(5, 2, 'Nothing like a good bath!'),
(6, 3, 'Crispy and delicious!'),
(7, 3, 'Bacon for everyone!'),
(8, 4, 'Math is life indeed!'),
(9, 4, 'Irrationally funny!'),
(10, 5, 'Can’t stop flipping pages!'),
(11, 5, 'Books are the best.'),
(12, 6, 'Court is now in session!'),
(13, 6, 'Let’s get to the verdict.'),
(14, 7, 'Change is inevitable indeed.'),
(15, 7, 'Embrace the change!'),
(16, 8, 'Can’t wait to see you back!'),
(17, 8, 'We’ll be here when you return.'),
(18, 9, 'Bounce back stronger!'),
(19, 9, 'Resilience is key.'),
(20, 10, 'Gone but not forgotten!'),
(1, 10, 'Loving the wind today.'),
(3, 11, 'Sharp minds think alike.'),
(5, 12, 'Hairy situations are tough.'),
(7, 13, 'Just in case, I’m here.'),
(9, 14, 'Cooking up something special!'),
(11, 15, 'Falling for these puns.'),
(13, 16, 'Undercooked indeed!'),
(15, 17, 'Bending but not breaking.'),
(17, 18, 'Heavy lifting all day!'),
(19, 19, 'Swimming in the gene pool!'),
(2, 20, 'Peace out everyone.');

INSERT INTO friends (user_id, friend_id, status) VALUES
(1, 2, 'accepted'), (1, 3, 'accepted'), (1, 4, 'pending'),
(2, 5, 'accepted'), (2, 6, 'pending'), (3, 7, 'accepted'),
(3, 8, 'accepted'), (4, 9, 'accepted'), (4, 10, 'pending'),
(5, 11, 'accepted'), (5, 12, 'pending'), (6, 13, 'accepted'),
(6, 14, 'pending'), (7, 15, 'accepted'), (7, 16, 'pending'),
(8, 17, 'accepted'), (8, 18, 'pending'), (9, 19, 'accepted'),
(9, 20, 'pending'), (10, 1, 'accepted'), (11, 2, 'accepted'),
(12, 3, 'accepted'), (13, 4, 'accepted'), (14, 5, 'accepted'),
(15, 6, 'accepted'), (16, 7, 'accepted'), (17, 8, 'accepted'),
(18, 9, 'accepted'), (19, 10, 'accepted'), (20, 11, 'accepted');